[
  {
    "id": "ad-andorra-la-vella",
    "city": "Andorra la Vella",
    "countryCode": "AD",
    "countryName": "Andorra",
    "lat": 42.5063,
    "lng": 1.5218,
    "postcardId": null,
    "description": "Also visited Soldeu and El Tarter"
  },
  {
    "id": "am-yerevan",
    "city": "Yerevan",
    "countryCode": "AM",
    "countryName": "Armenia",
    "lat": 40.1872,
    "lng": 44.5152,
    "postcardId": null,
    "description": null
  },
  {
    "id": "at-vienna",
    "city": "Vienna",
    "countryCode": "AT",
    "countryName": "Austria",
    "lat": 48.2083537,
    "lng": 16.3725042,
    "postcardId": "AT_Vienna_qgmmve",
    "description": "First visited: 2014",
    "sourceFolder": "Countries"
  },
  {
    "id": "be-antwerp",
    "city": "Antwerp",
    "countryCode": "BE",
    "countryName": "Belgium",
    "lat": 51.2211097,
    "lng": 4.3997081,
    "postcardId": "BE_Antwerp_sgyxgy",
    "description": null,
    "sourceFolder": "Countries"
  },
  {
    "id": "be-bruges",
    "city": "Bruges",
    "countryCode": "BE",
    "countryName": "Belgium",
    "lat": 51.2085526,
    "lng": 3.226772,
    "postcardId": "BE_Bruges_l5xn9d",
    "description": null,
    "sourceFolder": "Countries"
  },
  {
    "id": "by-minsk",
    "city": "Minsk",
    "countryCode": "BY",
    "countryName": "Belarus",
    "lat": 53.9024716,
    "lng": 27.5618225,
    "postcardId": "BY_Minsk_gpmgyi",
    "description": null,
    "sourceFolder": "Countries"
  },
  {
    "id": "ca-niagara-falls",
    "city": "Niagara Falls",
    "countryCode": "CA",
    "countryName": "Canada",
    "lat": 43.1065603,
    "lng": -79.0639039,
    "postcardId": "CA_NiagaraFalls_dddrwt",
    "description": "First visited: 2025",
    "sourceFolder": "Countries"
  },
  {
    "id": "ca-toronto",
    "city": "Toronto",
    "countryCode": "CA",
    "countryName": "Canada",
    "lat": 43.6534817,
    "lng": -79.3839347,
    "postcardId": "CA_Toronto_jlsvgf",
    "description": "First visited: 2025",
    "sourceFolder": "Countries"
  },
  {
    "id": "ca-vancouver",
    "city": "Vancouver",
    "countryCode": "CA",
    "countryName": "Canada",
    "lat": 49.2608724,
    "lng": -123.113952,
    "postcardId": "CA_Vancouver_rsrqky",
    "description": "First visited: 2025",
    "sourceFolder": "Countries"
  },
  {
    "id": "ca-victoria",
    "city": "Victoria",
    "countryCode": "CA",
    "countryName": "Canada",
    "lat": 48.4283182,
    "lng": -123.364953,
    "postcardId": "CA_Victoria_haaeig",
    "description": "First visited: 2025",
    "sourceFolder": "Countries"
  },
  {
    "id": "ca-whistler",
    "city": "Whistler",
    "countryCode": "CA",
    "countryName": "Canada",
    "lat": 50.1171903,
    "lng": -122.9543022,
    "postcardId": "CA_Whistler_balwer",
    "description": "First visited: 2025",
    "sourceFolder": "Countries"
  },
  {
    "id": "ch-basel",
    "city": "Basel",
    "countryCode": "CH",
    "countryName": "Switzerland",
    "lat": 47.5581077,
    "lng": 7.5878261,
    "postcardId": "CH_Basel_j7pxpl",
    "description": null,
    "sourceFolder": "Countries"
  },
  {
    "id": "ch-interlaken",
    "city": "Interlaken",
    "countryCode": "CH",
    "countryName": "Switzerland",
    "lat": 46.6863,
    "lng": 7.8632,
    "postcardId": null,
    "description": null
  },
  {
    "id": "cn-shang-hai",
    "city": "Shang Hai",
    "countryCode": "CN",
    "countryName": "China",
    "lat": 31.2312707,
    "lng": 121.4700152,
    "postcardId": "CN_ShangHai_rzsj8w",
    "description": "First visited: 2024",
    "sourceFolder": "Countries"
  },
  {
    "id": "cw-willemstad",
    "city": "Willemstad",
    "countryCode": "CW",
    "countryName": "Curaçao",
    "lat": 12.1696,
    "lng": -68.99,
    "postcardId": null,
    "description": null
  },
  {
    "id": "cy-limassol",
    "city": "Limassol",
    "countryCode": "CY",
    "countryName": "Cyprus",
    "lat": 34.6841,
    "lng": 33.0379,
    "postcardId": null,
    "description": null
  },
  {
    "id": "cz-prague",
    "city": "Prague",
    "countryCode": "CZ",
    "countryName": "Czechia",
    "lat": 50.0874654,
    "lng": 14.4212535,
    "postcardId": "CZ_Prague_lijctt",
    "description": "First visited: 2013",
    "sourceFolder": "Countries"
  },
  {
    "id": "berlin",
    "city": "Berlin",
    "countryCode": "DE",
    "countryName": "Germany",
    "lat": 52.52,
    "lng": 13.405,
    "postcardId": "DE_Berlin_ooxagm",
    "description": "First visited: 2016",
    "sourceFolder": "Countries"
  },
  {
    "id": "de-cochem",
    "city": "Cochem",
    "countryCode": "DE",
    "countryName": "Germany",
    "lat": 50.1483916,
    "lng": 7.1663195,
    "postcardId": "DE_Cochem_wcntix",
    "description": null,
    "sourceFolder": "Countries"
  },
  {
    "id": "de-cologne",
    "city": "Cologne",
    "countryCode": "DE",
    "countryName": "Germany",
    "lat": 50.938361,
    "lng": 6.959974,
    "postcardId": "DE_Cologne_xqtxof",
    "description": "First visited: 2016",
    "sourceFolder": "Countries"
  },
  {
    "id": "de-magdeburg",
    "city": "Magdeburg",
    "countryCode": "DE",
    "countryName": "Germany",
    "lat": 52.1314783,
    "lng": 11.6400789,
    "postcardId": "DE_Magdeburg_j3aywo",
    "description": "First visited: 2016",
    "sourceFolder": "Countries"
  },
  {
    "id": "de-munich",
    "city": "Munich",
    "countryCode": "DE",
    "countryName": "Germany",
    "lat": 48.1351,
    "lng": 11.582,
    "postcardId": null,
    "description": null
  },
  {
    "id": "de-trier",
    "city": "Trier",
    "countryCode": "DE",
    "countryName": "Germany",
    "lat": 49.7596208,
    "lng": 6.6441878,
    "postcardId": "DE_Trier_yadg2x",
    "description": null,
    "sourceFolder": "Countries"
  },
  {
    "id": "de-wuppertal",
    "city": "Wuppertal",
    "countryCode": "DE",
    "countryName": "Germany",
    "lat": 51.264018,
    "lng": 7.1780374,
    "postcardId": "DE_Wuppertal_zqqv92",
    "description": "First visited: 2025",
    "sourceFolder": "Countries"
  },
  {
    "id": "eg-hurghada",
    "city": "Hurghada",
    "countryCode": "EG",
    "countryName": "Egypt",
    "lat": 27.2579,
    "lng": 33.8116,
    "postcardId": null,
    "description": null
  },
  {
    "id": "eg-sharm-el-sheikh",
    "city": "Sharm el Sheikh",
    "countryCode": "EG",
    "countryName": "Egypt",
    "lat": 27.9158,
    "lng": 34.33,
    "postcardId": null,
    "description": null
  },
  {
    "id": "es-barcelona",
    "city": "Barcelona",
    "countryCode": "ES",
    "countryName": "Spain",
    "lat": 41.3874,
    "lng": 2.1686,
    "postcardId": null,
    "description": null
  },
  {
    "id": "es-madrid",
    "city": "Madrid",
    "countryCode": "ES",
    "countryName": "Spain",
    "lat": 40.4168,
    "lng": -3.7038,
    "postcardId": null,
    "description": null
  },
  {
    "id": "es-tenerife",
    "city": "Tenerife",
    "countryCode": "ES",
    "countryName": "Spain",
    "lat": 28.4636,
    "lng": -16.2518,
    "postcardId": null,
    "description": null
  },
  {
    "id": "es-vitoria-gasteiz",
    "city": "Vitoria-Gasteiz",
    "countryCode": "ES",
    "countryName": "Spain",
    "lat": 42.8467,
    "lng": -2.6716,
    "postcardId": null,
    "description": null
  },
  {
    "id": "fr-aix-en-provence",
    "city": "Aix En Provence",
    "countryCode": "FR",
    "countryName": "France",
    "lat": 43.5298424,
    "lng": 5.4474738,
    "postcardId": "FR_AixEnProvence_nty1nf",
    "description": "First visited: 2022",
    "sourceFolder": "Countries"
  },
  {
    "id": "fr-amiens",
    "city": "Amiens",
    "countryCode": "FR",
    "countryName": "France",
    "lat": 49.8941708,
    "lng": 2.2956951,
    "postcardId": "FR_Amiens_ptuil9",
    "description": "First visited: 2025",
    "sourceFolder": "Countries"
  },
  {
    "id": "fr-angers",
    "city": "Angers",
    "countryCode": "FR",
    "countryName": "France",
    "lat": 47.4739884,
    "lng": -0.5515588,
    "postcardId": "FR_Angers_w08n8s",
    "description": "First visited: 2025",
    "sourceFolder": "Countries"
  },
  {
    "id": "fr-etretat",
    "city": "Etretat",
    "countryCode": "FR",
    "countryName": "France",
    "lat": 49.7074621,
    "lng": 0.2031905,
    "postcardId": "FR_Etretat_dvcs7p",
    "description": "First visited: 2025",
    "sourceFolder": "Countries"
  },
  {
    "id": "fr-fougeres",
    "city": "Fougeres",
    "countryCode": "FR",
    "countryName": "France",
    "lat": 48.3503362,
    "lng": -1.1958526,
    "postcardId": "FR_Fougeres_ivncye",
    "description": "First visited: 2025",
    "sourceFolder": "Countries"
  },
  {
    "id": "fr-mont-saint-michel",
    "city": "Mont Saint Michel",
    "countryCode": "FR",
    "countryName": "France",
    "lat": 48.6359541,
    "lng": -1.51146,
    "postcardId": "FR_MontSaintMichel_bn9ke5",
    "description": "First visited: 2025",
    "sourceFolder": "Countries"
  },
  {
    "id": "fr-nice",
    "city": "Nice",
    "countryCode": "FR",
    "countryName": "France",
    "lat": 43.7009358,
    "lng": 7.2683912,
    "postcardId": "FR_Nice_dl1apz",
    "description": "First visited: 2019",
    "sourceFolder": "Countries"
  },
  {
    "id": "paris-2023",
    "city": "Paris",
    "countryCode": "FR",
    "countryName": "France",
    "lat": 48.8566,
    "lng": 2.3522,
    "postcardId": "FR_Paris_ynppct",
    "description": "First visited: 2012",
    "sourceFolder": "Countries"
  },
  {
    "id": "fr-rouen",
    "city": "Rouen",
    "countryCode": "FR",
    "countryName": "France",
    "lat": 49.4404591,
    "lng": 1.0939658,
    "postcardId": "FR_Rouen_pd41ho",
    "description": "First visited: 2025",
    "sourceFolder": "Countries"
  },
  {
    "id": "gb-london",
    "city": "London",
    "countryCode": "GB",
    "countryName": "United Kingdom",
    "lat": 51.5074456,
    "lng": -0.1277653,
    "postcardId": "UK_London_hqrpp2",
    "description": "First visited: 2025",
    "sourceFolder": "Countries"
  },
  {
    "id": "ge-tbilisi",
    "city": "Tbilisi",
    "countryCode": "GE",
    "countryName": "Georgia",
    "lat": 41.7151,
    "lng": 44.8271,
    "postcardId": null,
    "description": null
  },
  {
    "id": "hu-budapest",
    "city": "Budapest",
    "countryCode": "HU",
    "countryName": "Hungary",
    "lat": 47.4978789,
    "lng": 19.0402383,
    "postcardId": "HU_Budapest_ongkje",
    "description": "First visited: 2014",
    "sourceFolder": "Countries"
  },
  {
    "id": "in-kerala",
    "city": "Kerala",
    "countryCode": "IN",
    "countryName": "India",
    "lat": 10.3528744,
    "lng": 76.5120396,
    "postcardId": "IN_Kerala_nccyrw",
    "description": "First visited: 2025",
    "sourceFolder": "Countries"
  },
  {
    "id": "it-capri",
    "city": "Capri",
    "countryCode": "IT",
    "countryName": "Italy",
    "lat": 40.5531,
    "lng": 14.2227,
    "postcardId": null,
    "description": null
  },
  {
    "id": "it-florence",
    "city": "Florence",
    "countryCode": "IT",
    "countryName": "Italy",
    "lat": 43.7696,
    "lng": 11.2558,
    "postcardId": null,
    "description": null
  },
  {
    "id": "it-lago-di-como",
    "city": "Lago di Como",
    "countryCode": "IT",
    "countryName": "Italy",
    "lat": 45.9937,
    "lng": 9.2572,
    "postcardId": null,
    "description": null
  },
  {
    "id": "it-malcesine",
    "city": "Malcesine",
    "countryCode": "IT",
    "countryName": "Italy",
    "lat": 45.7643442,
    "lng": 10.8100598,
    "postcardId": "IT_Malcesine_fifr61",
    "description": null,
    "sourceFolder": "Countries"
  },
  {
    "id": "it-milano",
    "city": "Milano",
    "countryCode": "IT",
    "countryName": "Italy",
    "lat": 45.4641943,
    "lng": 9.1896346,
    "postcardId": "IT_Milano_buxfxc",
    "description": "First visited: 2024",
    "sourceFolder": "Countries"
  },
  {
    "id": "it-pompei",
    "city": "Pompei",
    "countryCode": "IT",
    "countryName": "Italy",
    "lat": 40.7489,
    "lng": 14.501,
    "postcardId": null,
    "description": null
  },
  {
    "id": "it-rome",
    "city": "Rome",
    "countryCode": "IT",
    "countryName": "Italy",
    "lat": 41.9028,
    "lng": 12.4964,
    "postcardId": null,
    "description": null
  },
  {
    "id": "it-venice",
    "city": "Venice",
    "countryCode": "IT",
    "countryName": "Italy",
    "lat": 45.4371908,
    "lng": 12.3345898,
    "postcardId": "IT_Venice_mygr3x",
    "description": "First visited: 2009",
    "sourceFolder": "Countries"
  },
  {
    "id": "jp-kamakura",
    "city": "Kamakura",
    "countryCode": "JP",
    "countryName": "Japan",
    "lat": 35.3192808,
    "lng": 139.5469627,
    "postcardId": "JP_Kamakura_r7qlfr",
    "description": "First visited: 2024",
    "sourceFolder": "Countries"
  },
  {
    "id": "jp-tokyo",
    "city": "Tokyo",
    "countryCode": "JP",
    "countryName": "Japan",
    "lat": 35.6768601,
    "lng": 139.7638947,
    "postcardId": "JP_Tokyo_shc0hf",
    "description": "First visited: 2024",
    "sourceFolder": "Countries"
  },
  {
    "id": "kr-seoul",
    "city": "Seoul",
    "countryCode": "KR",
    "countryName": "South Korea",
    "lat": 37.5666791,
    "lng": 126.9782914,
    "postcardId": "KO_Seoul_iwfjbb",
    "description": null,
    "sourceFolder": "Countries"
  },
  {
    "id": "lk-kandi",
    "city": "Kandi",
    "countryCode": "LK",
    "countryName": "Sri Lanka",
    "lat": 7.2931208,
    "lng": 80.6350358,
    "postcardId": "LK_Kandi_hknhof",
    "description": "First visited: 2016",
    "sourceFolder": "Countries"
  },
  {
    "id": "lt-vilnius",
    "city": "Vilnius",
    "countryCode": "LT",
    "countryName": "Lithuania",
    "lat": 54.6872,
    "lng": 25.2797,
    "postcardId": null,
    "description": null
  },
  {
    "id": "lu-luxembourg",
    "city": "Luxembourg",
    "countryCode": "LU",
    "countryName": "Luxembourg",
    "lat": 49.6117,
    "lng": 6.13,
    "postcardId": null,
    "description": null
  },
  {
    "id": "me-budva",
    "city": "Budva",
    "countryCode": "ME",
    "countryName": "Montenegro",
    "lat": 42.2885656,
    "lng": 18.8419505,
    "postcardId": "ME_Budva_mc1uba",
    "description": "First visited: 2018",
    "sourceFolder": "Countries"
  },
  {
    "id": "me-kotor",
    "city": "Kotor",
    "countryCode": "ME",
    "countryName": "Montenegro",
    "lat": 42.4247,
    "lng": 18.7712,
    "postcardId": null,
    "description": null
  },
  {
    "id": "pl-krakow",
    "city": "Krakow",
    "countryCode": "PL",
    "countryName": "Poland",
    "lat": 50.0619474,
    "lng": 19.9368564,
    "postcardId": "PL_Krakow_rweghm",
    "description": null,
    "sourceFolder": "Countries"
  },
  {
    "id": "pl-warsaw",
    "city": "Warsaw",
    "countryCode": "PL",
    "countryName": "Poland",
    "lat": 52.2297,
    "lng": 21.0122,
    "postcardId": null,
    "description": null
  },
  {
    "id": "pt-lisboa",
    "city": "Lisboa",
    "countryCode": "PT",
    "countryName": "Portugal",
    "lat": 38.7077507,
    "lng": -9.1365919,
    "postcardId": "PT_Lisboa_becahx",
    "description": null,
    "sourceFolder": "Countries"
  },
  {
    "id": "lisbon-2024",
    "city": "Lisbon",
    "countryCode": "PT",
    "countryName": "Portugal",
    "lat": 38.7223,
    "lng": -9.1393,
    "postcardId": null,
    "description": null
  },
  {
    "id": "pt-porto",
    "city": "Porto",
    "countryCode": "PT",
    "countryName": "Portugal",
    "lat": 41.1579,
    "lng": -8.6291,
    "postcardId": null,
    "description": "Also visited Gaia"
  },
  {
    "id": "rs-belgrade",
    "city": "Belgrade",
    "countryCode": "RS",
    "countryName": "Serbia",
    "lat": 44.7866,
    "lng": 20.4489,
    "postcardId": null,
    "description": null
  },
  {
    "id": "ru-bryansk",
    "city": "Bryansk",
    "countryCode": "RU",
    "countryName": "Russia",
    "lat": 53.2521,
    "lng": 34.3717,
    "postcardId": null,
    "description": null
  },
  {
    "id": "ru-kislovodsk",
    "city": "Kislovodsk",
    "countryCode": "RU",
    "countryName": "Russia",
    "lat": 43.9135,
    "lng": 42.7209,
    "postcardId": null,
    "description": null
  },
  {
    "id": "ru-moscow",
    "city": "Moscow",
    "countryCode": "RU",
    "countryName": "Russia",
    "lat": 55.625578,
    "lng": 37.6063916,
    "postcardId": "RU_Moscow_rwklll",
    "description": null,
    "sourceFolder": "Countries"
  },
  {
    "id": "ru-suzdal",
    "city": "Suzdal",
    "countryCode": "RU",
    "countryName": "Russia",
    "lat": 56.4273,
    "lng": 40.4465,
    "postcardId": null,
    "description": null
  },
  {
    "id": "ru-vologda",
    "city": "Vologda",
    "countryCode": "RU",
    "countryName": "Russia",
    "lat": 59.2181,
    "lng": 39.8886,
    "postcardId": null,
    "description": null
  },
  {
    "id": "se-stockholm",
    "city": "Stockholm",
    "countryCode": "SE",
    "countryName": "Sweden",
    "lat": 59.3251172,
    "lng": 18.0710935,
    "postcardId": "SE_Stockholm_itipok",
    "description": null,
    "sourceFolder": "Countries"
  },
  {
    "id": "tr-antalya",
    "city": "Antalya",
    "countryCode": "TR",
    "countryName": "Turkey",
    "lat": 36.8969,
    "lng": 30.7133,
    "postcardId": null,
    "description": null
  },
  {
    "id": "tr-istanbul",
    "city": "Istanbul",
    "countryCode": "TR",
    "countryName": "Turkey",
    "lat": 41.0082,
    "lng": 28.9784,
    "postcardId": null,
    "description": null
  },
  {
    "id": "ua-hola-prystan",
    "city": "Hola Prystan",
    "countryCode": "UA",
    "countryName": "Ukraine",
    "lat": 46.5320381,
    "lng": 32.5345028,
    "postcardId": "UA_HolaPrystan_wmawcv",
    "description": "First visited: 2007",
    "sourceFolder": "Countries"
  },
  {
    "id": "ua-kyiv",
    "city": "Kyiv",
    "countryCode": "UA",
    "countryName": "Ukraine",
    "lat": 50.4500336,
    "lng": 30.5241361,
    "postcardId": "UA_Kyiv_nyfznd",
    "description": "First visited: 2012",
    "sourceFolder": "Countries"
  },
  {
    "id": "ua-odessa",
    "city": "Odessa",
    "countryCode": "UA",
    "countryName": "Ukraine",
    "lat": 46.4825,
    "lng": 30.7233,
    "postcardId": null,
    "description": null
  },
  {
    "id": "ua-skadovsk",
    "city": "Skadovsk",
    "countryCode": "UA",
    "countryName": "Ukraine",
    "lat": 46.1168,
    "lng": 32.9108,
    "postcardId": null,
    "description": null
  },
  {
    "id": "us-nyc",
    "city": "NYC",
    "countryCode": "US",
    "countryName": "United States",
    "lat": 40.7127281,
    "lng": -74.0060152,
    "postcardId": "US_NYC_peglzy",
    "description": "First visited: 2025",
    "sourceFolder": "Countries"
  },
  {
    "id": "us-san-francisco",
    "city": "San Francisco",
    "countryCode": "US",
    "countryName": "United States",
    "lat": 37.7879363,
    "lng": -122.4075201,
    "postcardId": "US_SanFrancisco_ufc00i",
    "description": null,
    "sourceFolder": "Countries"
  },
  {
    "id": "us-seattle",
    "city": "Seattle",
    "countryCode": "US",
    "countryName": "United States",
    "lat": 47.6038321,
    "lng": -122.330062,
    "postcardId": "US_Seattle_ljehpb",
    "description": "First visited: 2025",
    "sourceFolder": "Countries"
  },
  {
    "id": "va-vatican",
    "city": "Vatican",
    "countryCode": "VA",
    "countryName": "Vatican City",
    "lat": 41.9029,
    "lng": 12.4534,
    "postcardId": null,
    "description": null
  }
]
